Timestamp,AccX,AccY,AccZ,GyroX,GyroY,GyroZ,MagX,MagY,MagZ,Pitch,Roll,Yaw,Highlighted,RightAngle
2025-11-15T12:45:01.822131,-1.803552694618702,5.4366051852703094,8.269108653068542,-0.05070177838206291,-0.09010255336761475,-0.009010255336761475,-10.012500762939453,3.1125001907348633,-32.26875305175781,0.0,0.0,0.0,false,false
2025-11-15T12:45:01.822316,-1.8116471506655216,5.394076451659203,8.307038724422455,-0.05070177838206291,-0.09010255336761475,-0.009010255336761475,-10.012500762939453,3.1125001907348633,-32.26875305175781,0.03665126664876439,-0.32610724511085465,-0.23951871946471215,false,false
2025-11-15T12:45:01.822331,-1.7585657704621553,5.411396317183971,8.34155723452568,-0.05070177838206291,-0.09010255336761475,-0.009010255336761475,-10.012500762939453,3.1125001907348633,-32.26875305175781,-0.2988233074478597,-0.3507275253104041,0.13617720102351427,false,false
2025-11-15T12:45:01.822344,-1.600419812835753,5.450265791267157,8.34715162217617,-0.05070177838206291,-0.09010255336761475,-0.009010255336761475,-10.012500762939453,3.1125001907348633,-32.26875305175781,-1.2081738506224777,-0.1808099776833103,1.3097647685073355,false,false
2025-11-15T12:45:01.822365,-1.5366010931320488,5.4720932971686125,8.29640906304121,-0.05070177838206291,-0.09010255336761475,-0.009010255336761475,-10.012500762939453,3.1125001907348633,-32.26875305175781,-1.5396784499409346,0.08448911312286356,1.862239849559998,false,false
2025-11-15T12:45:01.822378,-1.5034952892456204,5.461471653543413,8.186392035335302,-0.05070177838206291,-0.09010255336761475,-0.009010255336761475,-10.012500762939453,3.1125001907348633,-32.26875305175781,-1.6421914576943983,0.3855436720918348,2.16130839626031,false,false
2025-11-15T12:45:01.822392,-1.562017238815315,5.482481766026467,8.039558751508594,-0.05070177838206291,-0.09010255336761475,-0.009010255336761475,-10.012500762939453,3.1125001907348633,-32.26875305175781,-1.2093045108355227,0.9682635966164881,1.9836732391495815,false,false
2025-11-15T12:45:01.822409,-1.5649571600952186,5.531870269915089,8.015195063315332,-0.05070177838206291,-0.09010255336761475,-0.009010255336761475,-10.012500762939453,3.1125001907348633,-32.26875305175781,-1.1996697301256187,1.2890803343340451,2.154517572123723,false,false
2025-11-15T12:45:01.822423,-1.463834831287386,5.566435051034205,8.117569531779736,-0.05070177838206291,-0.09010255336761475,-0.009010255336761475,-10.012500762939453,3.1125001907348633,-32.26875305175781,-1.8694947040276837,1.1161721813418382,2.8518708445607075,false,false
2025-11-15T12:45:01.822436,-1.4360055074939737,5.605851030384656,8.202555460622534,-0.05070177838206291,-0.09010255336761475,-0.009010255336761475,-10.012500762939453,3.1125001907348633,-32.26875305175781,-2.1041826688523653,1.0264655385614034,3.0820924716787346,false,false
2025-11-15T12:45:01.912529,-1.5085315280084615,5.549885916727362,8.24564637884032,-0.05070177838206291,-0.09010255336761475,-0.009010255336761475,-10.012500762939453,3.1125001907348633,-32.26875305175781,-1.6985511204523416,0.6199548617228956,2.3645660074775776,false,false
2025-11-15T12:45:01.912613,-1.5908563520970347,5.537157619008212,8.311160038632806,-0.05070177838206291,-0.09010255336761475,-0.009010255336761475,-10.012500762939453,3.1125001907348633,-32.26875305175781,-1.2776562546010126,0.3495022072854539,1.7064571514232512,false,false
2025-11-15T12:45:01.912635,-1.580274005058527,5.518829387430742,8.339131330809323,-0.05070177838206291,-0.09010255336761475,-0.009010255336761475,-10.012500762939453,3.1125001907348633,-32.26875305175781,-1.348519525689655,0.17324888755238987,1.6869836337974817,false,false
2025-11-15T12:45:01.912649,-1.6964185929909945,5.509366056325234,8.263685214202269,-0.05070177838206291,-0.09010255336761475,-0.009010255336761475,-10.012500762939453,3.1125001907348633,-32.26875305175781,-0.6357055900254629,0.3679267438275602,0.9602261704698662,false,false
2025-11-15T12:45:02.113275,-1.8310612190075517,5.421184788645405,8.240917199691467,-0.000610864779446274,-0.010537417605519295,0.008399390615522861,-10.042500686645507,3.0900001525878906,-32.23500289916992,0.18734723139183096,0.015115371358909613,-0.3089386325963517,false,false
2025-11-15T12:45:02.113429,-1.7859198326025307,5.327443008870432,8.168516155998077,-0.000610864779446274,-0.010537417605519295,0.008399390615522861,-10.042500686645507,3.0900001525878906,-32.23500289916992,0.048910426196451695,-0.21122571856607664,-0.2854498802829255,false,false
2025-11-15T12:45:02.113452,-1.6649443146662861,5.304799499735509,8.081767319103164,-0.000610864779446274,-0.010537417605519295,0.008399390615522861,-10.042500686645507,3.0900001525878906,-32.23500289916992,-0.5567170757670823,-0.042769898802369255,0.5219408363978175,false,false
2025-11-15T12:45:02.113467,-1.5437386749723032,5.283009262196856,8.00758540553852,-0.000610864779446274,-0.010537417605519295,0.008399390615522861,-10.042500686645507,3.0900001525878906,-32.23500289916992,-1.1870569017750672,0.09155107885393932,1.3447337488009055,false,false
2025-11-15T12:45:02.113481,-1.449038124011878,5.291256532725015,7.9767755862226295,-0.000610864779446274,-0.010537417605519295,0.008399390615522861,-10.042500686645507,3.0900001525878906,-32.23500289916992,-1.7205242017951043,0.23431485667587282,2.063892101327724,false,false
2025-11-15T12:45:02.113499,-1.3418673157328982,5.340843968419392,7.963763445424547,-0.000610864779446274,-0.010537417605519295,0.008399390615522861,-10.042500686645507,3.0900001525878906,-32.23500289916992,-2.362368604428303,0.5242082269013153,3.003740450873096,false,false
2025-11-15T12:45:02.113513,-1.2820007145223329,5.401230719103495,7.894744977259393,-0.000610864779446274,-0.010537417605519295,0.008399390615522861,-10.042500686645507,3.0900001525878906,-32.23500289916992,-2.695199921571179,1.0548797916460941,3.7081719842205416,false,false
2025-11-15T12:45:02.113527,-1.418667700877652,5.464325619942983,7.788750223767636,-0.000610864779446274,-0.010537417605519295,0.008399390615522861,-10.042500686645507,3.0900001525878906,-32.23500289916992,-1.8478658425604007,1.7289051574590317,3.0668291048861676,false,false
2025-11-15T12:45:02.113546,-1.6425346866204666,5.479721403721491,7.772542502707182,-0.000610864779446274,-0.010537417605519295,0.008399390615522861,-10.042500686645507,3.0900001525878906,-32.23500289916992,-0.5293527795676969,1.8609201582022408,1.589838102813701,false,false
2025-11-15T12:45:02.303101,-1.8053156502522194,5.465883899034818,7.811397803935378,-0.056199558079242706,0.054672397673130035,0.004428769461810589,-10.077750549316406,3.1957501411437987,-32.15925247192383,0.3938917698045472,1.658402720648418,0.4322361012610543,false,false
2025-11-15T12:45:02.303261,-1.826287347449718,5.530151689202468,7.8433877294823375,-0.056199558079242706,0.054672397673130035,0.004428769461810589,-10.077750549316406,3.1957501411437987,-32.15925247192383,0.445869054107467,1.8632802681456582,0.48725975348017414,false,false
2025-11-15T12:45:02.303276,-1.7066634686658075,5.59728066332682,7.796271863856159,-0.056199558079242706,0.054672397673130035,0.004428769461810589,-10.077750549316406,3.1957501411437987,-32.15925247192383,-0.24544084471894045,2.352895853016797,1.5476219136945417,false,false
2025-11-15T12:45:02.303290,-1.53827719846712,5.677205881513874,7.697340043027323,-0.056199558079242706,0.054672397673130035,0.004428769461810589,-10.077750549316406,3.1957501411437987,-32.15925247192383,-1.1918785861614278,3.087482705463721,3.0339097070282293,false,false
2025-11-15T12:45:02.303310,-1.3778128870295805,5.733020941931864,7.706797377089223,-0.056199558079242706,0.054672397673130035,0.004428769461810589,-10.077750549316406,3.1957501411437987,-32.15925247192383,-2.165650344114397,3.321939944394046,4.296514485696818,false,false
2025-11-15T12:45:02.303324,-1.2718578700208327,5.7465716205631,7.894876368750911,-0.056199558079242706,0.054672397673130035,0.004428769461810589,-10.077750549316406,3.1957501411437987,-32.15925247192383,-2.907701495271814,2.7270514035728866,4.872890147186169,false,false
2025-11-15T12:45:02.303338,-1.2801964344572854,5.647464553643976,7.892604533786466,-0.056199558079242706,0.054672397673130035,0.004428769461810589,-10.077750549316406,3.1957501411437987,-32.15925247192383,-2.814066635664356,2.261884320411916,4.517073129623597,false,false
2025-11-15T12:45:02.303356,-1.6803778440749562,5.9329062899598055,7.25138864117607,-0.056199558079242706,0.054672397673130035,0.004428769461810589,-10.077750549316406,3.1957501411437987,-32.15925247192383,-0.16066425502043558,5.96587425882683,3.2754799051696324,false,false
2025-11-15T12:45:02.303370,-1.3983147755759913,6.134550402594039,7.88432030477993,-0.056199558079242706,0.054672397673130035,0.004428769461810589,-10.077750549316406,3.1957501411437987,-32.15925247192383,-2.360426000034259,4.5620970354430455,5.14234192183666,true,false
2025-11-15T12:45:02.391976,-0.9964655943462232,6.249729310488914,8.645851158096752,-0.0772743970155716,-0.014660755172371864,0.050549060106277466,-9.993450439453124,3.460350151062012,-32.24490228271485,-4.992367510278199,2.53830954260291,7.795853422648619,false,false
2025-11-15T12:45:02.392129,-1.1090007577215124,6.236132221925365,8.14904905507682,-0.0772743970155716,-0.014660755172371864,0.050549060106277466,-9.993450439453124,3.460350151062012,-32.24490228271485,-4.160325148951338,4.102039447929528,7.530908689571419,false,false
2025-11-15T12:45:02.392136,-1.5481199996607744,6.1539597896278435,7.5686436948662905,-0.0772743970155716,-0.014660755172371864,0.050549060106277466,-9.993450439453124,3.460350151062012,-32.24490228271485,-1.3107722053274031,5.790779234258096,4.961208272416783,false,false
2025-11-15T12:45:02.392150,-1.782335627920292,6.109284420189288,7.872758450979288,-0.0772743970155716,-0.014660755172371864,0.050549060106277466,-9.993450439453124,3.460350151062012,-32.24490228271485,-0.18807727729109125,4.4882660794355544,3.064169780724143,false,false
2025-11-15T12:45:02.594979,-1.610510105315279,6.191034565059854,8.514447005030659,-0.025350889191031456,-0.05299251899123192,-0.07238747924566269,-9.877260427856445,3.7995301208496093,-32.63217213134766,-1.6307413073005605,2.6983878135326194,4.592451403350111,false,false
2025-11-15T12:45:02.595205,-1.2990738125758523,6.281261568113424,8.646557704328075,-0.025350889191031456,-0.05299251899123192,-0.07238747924566269,-9.877260427856445,3.7995301208496093,-32.63217213134766,-3.39811245041,2.673093503252403,6.679086970703722,false,false
2025-11-15T12:45:02.595220,-1.1463467166879353,6.381110730193186,8.240927644430883,-0.025350889191031456,-0.05299251899123192,-0.07238747924566269,-9.877260427856445,3.7995301208496093,-32.63217213134766,-4.052107501679377,4.428010957182856,8.285748406267743,false,false
2025-11-15T12:45:02.595234,-1.143562450312504,6.4687223744502305,7.88287827762926,-0.025350889191031456,-0.05299251899123192,-0.07238747924566269,-9.877260427856445,3.7995301208496093,-32.63217213134766,-3.9299766274782177,6.049138168912471,8.841797639351398,false,false
2025-11-15T12:45:02.595254,-1.3703857731336995,6.361780420547259,7.884810911580743,-0.025350889191031456,-0.05299251899123192,-0.07238747924566269,-9.877260427856445,3.7995301208496093,-32.63217213134766,-2.625374128924734,5.5746705322924655,7.105479241057068,false,false
2025-11-15T12:45:02.595269,-1.7954625522849283,6.06125057518757,8.107711547098965,-0.025350889191031456,-0.05299251899123192,-0.07238747924566269,-9.877260427856445,3.7995301208496093,-32.63217213134766,-0.2709057918860456,3.4581466527125215,3.3963529652590267,false,false
2025-11-15T12:45:02.595282,-2.284970255482064,5.753657523693028,8.305901404958174,-0.025350889191031456,-0.05299251899123192,-0.07238747924566269,-9.877260427856445,3.7995301208496093,-32.63217213134766,2.4140864600062546,1.3877844725351594,-0.7018653518007341,false,false
2025-11-15T12:45:02.595310,-2.5422863820134927,5.479322524816485,8.415165839960776,-0.025350889191031456,-0.05299251899123192,-0.07238747924566269,-9.877260427856445,3.7995301208496093,-32.63217213134766,3.8784389917069575,-0.2541590519619561,-3.22816856597197,false,false
2025-11-15T12:45:02.595324,-2.46695625081357,5.267379329577432,8.284055202390057,-0.025350889191031456,-0.05299251899123192,-0.07238747924566269,-9.877260427856445,3.7995301208496093,-32.63217213134766,3.7775790235228133,-0.8732474868255125,-3.4849470776817384,false,false
2025-11-15T12:45:02.595338,-2.278244313074632,5.148546241708272,7.71600721736019,-0.025350889191031456,-0.05299251899123192,-0.07238747924566269,-9.877260427856445,3.7995301208496093,-32.63217213134766,3.470435300733204,0.3901025159167304,-2.4153289719448026,false,false
2025-11-15T12:45:02.782760,-2.1393220705158926,5.1974048728682956,6.987217418647136,-0.1415679156780243,-0.005039634648710489,0.10048725455999374,-10.118058380432128,3.99962413482666,-32.34198801025391,3.4736227510398265,3.320215476059019,-1.1625534917901916,false,false
2025-11-15T12:45:02.782917,-2.0249954602304805,5.321136480318425,6.550140615451498,-0.1415679156780243,-0.005039634648710489,0.10048725455999374,-10.118058380432128,3.99962413482666,-32.34198801025391,3.1645755750778335,5.76606024002848,0.3412862786494202,false,false
2025-11-15T12:45:02.782933,-1.9881711672337705,5.475425007813632,6.893018124574503,-0.1415679156780243,-0.005039634648710489,0.10048725455999374,-10.118058380432128,3.99962413482666,-32.34198801025391,2.3980967409168663,5.138343459481362,0.8751415767228252,false,false
2025-11-15T12:45:02.782948,-1.8459304308191862,5.438611151215166,7.809521852967183,-0.1415679156780243,-0.005039634648710489,0.10048725455999374,-10.118058380432128,3.99962413482666,-32.34198801025391,0.6486091915562877,1.5303451104617807,1.0038792898665463,false,false
2025-11-15T12:45:02.782967,-1.803523944581346,5.2838132984621975,8.559399216888865,-0.1415679156780243,-0.005039634648710489,0.10048725455999374,-10.118058380432128,3.99962413482666,-32.34198801025391,-0.16373308406259568,-1.635805550910046,0.1394064962551056,false,false
2025-11-15T12:45:02.782983,-1.8636766904417654,5.0945498052827345,8.669631764053563,-0.1415679156780243,-0.005039634648710489,0.10048725455999374,-10.118058380432128,3.99962413482666,-32.34198801025391,0.17117851497975778,-2.8834632663060447,-1.0121753915915974,false,false
2025-11-15T12:45:02.783272,-1.9425068613799403,5.037305906593394,8.440301321327318,-0.1415679156780243,-0.005039634648710489,0.10048725455999374,-10.118058380432128,3.99962413482666,-32.34198801025391,0.8504696008107508,-2.4938814530670754,-1.540796053485991,false,false
2025-11-15T12:45:02.783318,-1.836856996859709,4.9886441604195,8.248766612201745,-0.1415679156780243,-0.005039634648710489,0.10048725455999374,-10.118058380432128,3.99962413482666,-32.34198801025391,0.4595459516138849,-2.1588238353588878,-0.8905951970045294,false,false
2025-11-15T12:45:02.783333,-1.7098545610137779,5.043276328638095,8.027974462106732,-0.1415679156780243,-0.005039634648710489,0.10048725455999374,-10.118058380432128,3.99962413482666,-32.34198801025391,-0.10513050973601779,-1.185740941822246,0.3394303988712295,false,false
2025-11-15T12:45:02.872475,-1.5832426935050883,5.091529617108354,7.8655344722643035,-0.1415679156780243,-0.005039634648710489,0.10048725455999374,-10.118058380432128,3.99962413482666,-32.34198801025391,-0.7376293787893768,-0.4074546973719606,1.5183203620723873,false,false
2025-11-15T12:45:02.872569,-1.5662976696895559,5.042076949972634,7.9927891134209705,-0.1415679156780243,-0.005039634648710489,0.10048725455999374,-10.118058380432128,3.99962413482666,-32.34198801025391,-0.9178906652063539,-1.0784194424824136,1.3413736299811774,false,false
2025-11-15T12:45:02.872585,-1.5144552685224513,4.9467625045273325,8.134183329293492,-0.1415679156780243,-0.005039634648710489,0.10048725455999374,-10.118058380432128,3.99962413482666,-32.34198801025391,-1.2899161585521348,-2.017640726271594,1.2194027601027813,false,false
2025-11-15T12:45:02.872600,-2.0038882244330396,5.305885047887445,7.603085240696551,-0.1415679156780243,-0.005039634648710489,0.10048725455999374,-10.118058380432128,3.99962413482666,-32.34198801025391,1.867450514580332,1.586321324142574,-0.32027377092697407,true,false
2025-11-15T12:45:03.073658,-1.9198906892886634,5.255436286913693,8.642222742723764,-0.1406516134738922,0.07284562289714813,-0.11362084746360779,-10.404446742492675,4.429699326934815,-32.16609071337891,0.41891783298255625,-2.0190337409223744,-0.8248604074594255,false,false
2025-11-15T12:45:03.073817,-1.8174731370980974,5.375575952523619,9.567075898492009,-0.1406516134738922,0.07284562289714813,-0.11362084746360779,-10.404446742492675,4.429699326934815,-32.16609071337891,-0.9247560917228927,-3.992419421116818,-0.5102431835022401,false,false
2025-11-15T12:45:03.073833,-2.0142205773381114,5.275326457020476,9.018235768002107,-0.1406516134738922,0.07284562289714813,-0.11362084746360779,-10.404446742492675,4.429699326934815,-32.16609071337891,0.5834371573813115,-2.997287387526711,-1.5988529785112746,false,false
2025-11-15T12:45:03.073847,-2.3925545721544683,5.129488809107162,8.605032247862137,-0.1406516134738922,0.07284562289714813,-0.11362084746360779,-10.404446742492675,4.429699326934815,-32.16609071337891,3.1036015533918935,-2.5239925528206335,-4.0527078755326045,false,false
2025-11-15T12:45:03.073876,-2.5691592946297854,5.018883160351921,9.316077849547524,-0.1406516134738922,0.07284562289714813,-0.11362084746360779,-10.404446742492675,4.429699326934815,-32.16609071337891,3.3179478473745867,-5.010471272176652,-5.854100124214881,false,false
2025-11-15T12:45:03.073893,-2.3679300673130617,4.8218056815858725,10.129825900634359,-0.1406516134738922,0.07284562289714813,-0.11362084746360779,-10.404446742492675,4.429699326934815,-32.16609071337891,1.5896726256581282,-7.868817527560164,-6.005400516044517,false,false
2025-11-15T12:45:03.073907,-1.99931932128089,4.729548079669279,9.656739389220988,-0.1406516134738922,0.07284562289714813,-0.11362084746360779,-10.404446742492675,4.429699326934815,-32.16609071337891,0.20443594511617924,-7.229237447327108,-4.000791372281867,false,false
2025-11-15T12:45:03.073928,-1.498862299504962,4.9466295753418414,8.223785000701803,-0.1406516134738922,0.07284562289714813,-0.11362084746360779,-10.404446742492675,4.429699326934815,-32.16609071337891,-1.4517394537518946,-2.2962794355883247,1.1409326784490759,false,false
2025-11-15T12:45:03.073943,-1.1346756086662841,5.244801546856712,7.613190212676951,-0.1406516134738922,0.07284562289714813,-0.11362084746360779,-10.404446742492675,4.429699326934815,-32.16609071337891,-3.3314223423402964,1.2400330142932816,5.272739092697222,false,false
2025-11-15T12:45:03.273236,-1.059661053911618,5.132471812628185,8.6583421423187,0.09682206809520721,-0.21456626057624817,0.05818486958742142,-10.678557508435059,4.890009518768311,-32.07037295217285,-4.318708780283738,-2.664790034420289,4.287497612770778,false,false
2025-11-15T12:45:03.273408,-1.207597565301146,4.640813237857062,10.113221535789478,0.09682206809520721,-0.21456626057624817,0.05818486958742142,-10.678557508435059,4.890009518768311,-32.07037295217285,-4.134743156293343,-8.67358944206628,0.1750013380142832,false,false
2025-11-15T12:45:03.273422,-1.504995620075805,4.17304951271973,10.698886578136438,0.09682206809520721,-0.21456626057624817,0.05818486958742142,-10.678557508435059,4.890009518768311,-32.07037295217285,-2.86242542737965,-12.015272985184108,-4.0223756794766246,false,false
2025-11-15T12:45:03.273552,-1.4464163958151852,4.050134809422303,10.044759603765485,0.09682206809520721,-0.21456626057624817,0.05818486958742142,-10.678557508435059,4.890009518768311,-32.07037295217285,-2.721801871801122,-11.36358250245463,-3.644732232035949,false,false
2025-11-15T12:45:03.273568,-0.9965881794253844,4.277311638796235,8.746210024966238,0.09682206809520721,-0.21456626057624817,0.05818486958742142,-10.678557508435059,4.890009518768311,-32.07037295217285,-4.484176095757236,-7.262478335209003,1.6119586900500735,false,false
2025-11-15T12:45:03.273582,-0.42471479324300376,4.595486559373093,7.738909207887172,0.09682206809520721,-0.21456626057624817,0.05818486958742142,-10.678557508435059,4.890009518768311,-32.07037295217285,-7.626963943337342,-2.620795319567634,8.41626808283786,false,false
2025-11-15T12:45:03.273603,-0.19171930140653892,4.743208129158592,7.6363556201789375,0.09682206809520721,-0.21456626057624817,0.05818486958742142,-10.678557508435059,4.890009518768311,-32.07037295217285,-9.106867458515916,-1.4774402270716216,10.905017472729995,false,false
2025-11-15T12:45:03.273618,-0.4179934004267039,4.597826341266918,8.208408942596794,0.09682206809520721,-0.21456626057624817,0.05818486958742142,-10.678557508435059,4.890009518768311,-32.07037295217285,-7.784778556071114,-4.06854195539459,7.820430413758871,false,false
2025-11-15T12:45:03.273632,-0.8637328018407018,4.403101612863684,8.601813609787166,0.09682206809520721,-0.21456626057624817,0.05818486958742142,-10.678557508435059,4.890009518768311,-32.07037295217285,-5.220917173216003,-6.216278704142926,3.2325285613264185,false,false
2025-11-15T12:45:03.273650,-1.1832126910318927,4.31441315498836,8.677379278038114,0.09682206809520721,-0.21456626057624817,0.05818486958742142,-10.678557508435059,4.890009518768311,-32.07037295217285,-3.367446046013101,-6.886633403231446,0.5055191826756413,false,false
2025-11-15T12:45:03.331549,-1.3573096064145365,4.38642005367521,8.587445570873305,0.09682206809520721,-0.21456626057624817,0.05818486958742142,-11.179096121188966,5.22450771038208,-31.88879843803223,-2.316430190816405,-6.265609430256212,-0.9070720065911075,false,false
2025-11-15T12:45:03.331609,-1.302284194400658,4.440070530987995,8.378869212591194,0.09682206809520721,-0.21456626057624817,0.05818486958742142,-11.179096121188966,5.22450771038208,-31.88879843803223,-2.5088768511399504,-5.403613534332912,-0.13083034796616744,false,false
2025-11-15T12:45:03.472565,-1.1542330748690912,4.556925724554667,8.195617753726017,-0.039706211537122726,0.10537417232990265,-0.12644900381565094,-11.179096121188966,5.22450771038208,-31.88879843803223,-3.311496414462666,-4.248379341907164,1.5091280760612165,false,false
2025-11-15T12:45:03.472692,-0.9719322804040585,4.613857721591298,8.244570294251925,-0.039706211537122726,0.10537417232990265,-0.12644900381565094,-11.179096121188966,5.22450771038208,-31.88879843803223,-4.4550347709339135,-4.090890509469595,2.946632522310651,false,false
2025-11-15T12:45:03.472721,-0.9591468216690855,4.685394513261469,8.569046755249742,-0.039706211537122726,0.10537417232990265,-0.12644900381565094,-11.179096121188966,5.22450771038208,-31.88879843803223,-4.719627335591883,-4.654291554135515,2.925401404104008,false,false
2025-11-15T12:45:03.472737,-1.2494640768425382,4.911093348091916,7.943747410980584,-0.039706211537122726,0.10537417232990265,-0.12644900381565094,-11.179096121188966,5.22450771038208,-31.88879843803223,-2.7084966037666183,-1.5975463572191124,2.330189461928427,false,false
2025-11-15T12:45:03.472751,-1.801402589721318,5.214471158298888,7.314646904571713,-0.039706211537122726,0.10537417232990265,-0.12644900381565094,-11.179096121188966,5.22450771038208,-31.88879843803223,1.0107260629748431,2.161035088364791,0.17260813340303116,false,false
2025-11-15T12:45:03.472769,-1.3831541642759422,5.320696501390655,8.916747661880583,-0.039706211537122726,0.10537417232990265,-0.12644900381565094,-11.179096121188966,5.22450771038208,-31.88879843803223,-2.741136291862894,-2.4984308670089916,1.8699074257260406,false,false
2025-11-15T12:45:03.472785,-0.9413279496239711,5.47759778720961,9.204238222267197,-0.039706211537122726,0.10537417232990265,-0.12644900381565094,-11.179096121188966,5.22450771038208,-31.88879843803223,-5.306058363797864,-2.5657129111478163,4.831184637683961,true,false
2025-11-15T12:45:03.563243,-1.0766463380360152,5.56561974397712,7.760046862674736,-0.039706211537122726,0.10537417232990265,-0.12644900381565094,-11.347026935098146,5.465856187379151,-31.983539360777346,-3.896099899003512,2.3253421275447224,5.605055540554801,false,false
2025-11-15T12:45:03.563331,-1.4188818981897606,5.578225035028721,7.543434810197842,-0.039706211537122726,0.10537417232990265,-0.12644900381565094,-11.347026935098146,5.465856187379151,-31.983539360777346,-1.7286048842941852,3.1589083272152223,3.5731502510607527,false,false
2025-11-15T12:45:03.563347,-1.3704581881886608,5.592902371564043,9.011400556344038,-0.039706211537122726,0.10537417232990265,-0.12644900381565094,-11.347026935098146,5.465856187379151,-31.983539360777346,-2.9658824320268318,-1.4976061380888588,2.6821098952204068,false,false
2025-11-15T12:45:03.563369,-1.0345811856451574,5.6406200872255035,10.067218470463278,-0.039706211537122726,0.10537417232990265,-0.12644900381565094,-11.347026935098146,5.465856187379151,-31.983539360777346,-5.2055364758452285,-4.0615790454301575,3.8660889761365524,false,false
2025-11-15T12:45:03.652728,-0.7715280062289508,5.683920549670491,9.582364880983592,0.16035200655460358,-0.045967575162649155,0.15302163362503052,-11.347026935098146,5.465856187379151,-31.983539360777346,-6.367253640844128,-2.648383438206494,6.049299418239826,false,false
2025-11-15T12:45:03.652821,-0.9639297726915017,5.718133055825846,8.439339560242772,0.16035200655460358,-0.045967575162649155,0.15302163362503052,-11.347026935098146,5.465856187379151,-31.983539360777346,-4.926928598359664,0.796570711598342,6.078341569967179,false,false
2025-11-15T12:45:03.652836,-1.302104830899126,5.914102834294148,7.587268552170336,0.16035200655460358,-0.045967575162649155,0.15302163362503052,-11.347026935098146,5.465856187379151,-31.983539360777346,-2.6202147193444594,4.612297303197124,5.1739978527096895,false,false
2025-11-15T12:45:03.652856,-1.5142632127594386,5.996534487520609,7.649069647484094,0.16035200655460358,-0.045967575162649155,0.15302163362503052,-11.347026935098146,5.465856187379151,-31.983539360777346,-1.4732447771015007,4.771581600310682,3.991702751432257,false,false
2025-11-15T12:45:03.742641,-1.7196445167457777,5.567261527436452,8.449263026561871,0.16035200655460358,-0.045967575162649155,0.15302163362503052,-11.575121586225489,5.542685026197266,-32.108081641209765,-0.6833522504879301,0.05778120921062424,0.6967811308222736,false,false
2025-11-15T12:45:03.742726,-2.167200788875208,4.9587065331426645,9.334205354375907,0.16035200655460358,-0.045967575162649155,0.15302163362503052,-11.575121586225489,5.542685026197266,-32.108081641209765,1.2587675079675424,-5.3442619234656235,-4.411545115858928,false,false
2025-11-15T12:45:03.742741,-2.5925742313364077,4.392714100693036,9.436895710787807,0.16035200655460358,-0.045967575162649155,0.15302163362503052,-11.575121586225489,5.542685026197266,-32.108081641209765,3.6572544601447756,-8.362129939836958,-8.808651770065211,false,false
2025-11-15T12:45:03.742759,-2.679338630293753,4.329857626365805,8.688140562455672,0.16035200655460358,-0.045967575162649155,0.15302163362503052,-11.575121586225489,5.542685026197266,-32.108081641209765,5.101576855648231,-6.833285731871602,-9.189178284040082,false,false
2025-11-15T12:45:03.832828,-2.268084494399501,4.492247958385539,7.733204449852714,0.03558287397027016,0.07910698652267456,0.2231183648109436,-11.575121586225489,5.542685026197266,-32.108081641209765,3.901957532706774,-3.1708378015002623,-5.8032367936183675,false,false
2025-11-15T12:45:03.832928,-1.8668441614148383,4.699365327459371,7.1606216856044576,0.03558287397027016,0.07910698652267456,0.2231183648109436,-11.575121586225489,5.542685026197266,-32.108081641209765,1.9674219537408355,-0.04725754056534015,-2.1530093072278476,false,false
2025-11-15T12:45:03.832942,-1.4604412834166172,4.794549082568187,7.1728348944684885,0.03558287397027016,0.07910698652267456,0.2231183648109436,-11.575121586225489,5.542685026197266,-32.108081641209765,-0.721041652490765,0.43671139864744646,0.9277766870378628,false,false
2025-11-15T12:45:03.832962,-1.2724940439223589,4.844234752084264,7.624903927947135,0.03558287397027016,0.07910698652267456,0.2231183648109436,-11.575121586225489,5.542685026197266,-32.108081641209765,-2.310553429339837,-0.894796499962986,1.9885576400287306,false,false
2025-11-15T12:45:03.832976,-1.2864965627669962,4.788618945790057,8.329203730178401,0.03558287397027016,0.07910698652267456,0.2231183648109436,-11.575121586225489,5.542685026197266,-32.108081641209765,-2.7018765382921535,-3.4278836746084593,1.0414345738537065,false,false
2025-11-15T12:45:04.034350,-1.4974859570503072,4.731199931955698,8.791722836768887,-0.14721840620040894,0.2075413018465042,0.033139415085315704,-11.66009726898039,5.802898116325244,-32.087715770731485,-1.7984309445734201,-5.0367210017653115,-0.7543794957244643,false,false
2025-11-15T12:45:04.034554,-1.6263106870174326,4.64984831802863,8.703839571613203,-0.14721840620040894,0.2075413018465042,0.033139415085315704,-11.66009726898039,5.802898116325244,-32.087715770731485,-0.9700548639366566,-5.210855075185133,-1.7671006128193198,false,false
2025-11-15T12:45:04.034569,-1.546256353831287,4.598703789675326,8.28243006832308,-0.14721840620040894,0.2075413018465042,0.033139415085315704,-11.66009726898039,5.802898116325244,-32.087715770731485,-1.05857591464515,-4.2826915788993745,-1.1159976976585426,false,false
2025-11-15T12:45:04.034592,-1.1972559940695742,4.657179558259294,7.885982461605998,-0.14721840620040894,0.2075413018465042,0.033139415085315704,-11.66009726898039,5.802898116325244,-32.087715770731485,-2.880795318868384,-2.758723682143767,1.7623687470409095,false,false
2025-11-15T12:45:04.034606,-0.7356170988023271,4.789907079926156,7.841497633772359,-0.14721840620040894,0.2075413018465042,0.033139415085315704,-11.66009726898039,5.802898116325244,-32.087715770731485,-5.751476964024694,-1.9050152518115127,5.513287823046909,false,false
2025-11-15T12:45:04.034620,-0.37797804522961326,5.010906985397648,7.98196707860493,-0.14721840620040894,0.2075413018465042,0.033139415085315704,-11.66009726898039,5.802898116325244,-32.087715770731485,-8.031953840009681,-1.203588357261907,8.585566115775592,false,false
2025-11-15T12:45:04.034638,-1.1610732468388971,5.281127835807955,7.380715900142309,-0.14721840620040894,0.2075413018465042,0.033139415085315704,-11.66009726898039,5.802898116325244,-32.087715770731485,-3.038122960228785,2.2615734239853964,4.427474710210575,false,false
2025-11-15T12:45:04.034654,-2.0856220917116848,5.1392690666008765,8.003720071653186,-0.14721840620040894,0.2075413018465042,0.033139415085315704,-11.66009726898039,5.802898116325244,-32.087715770731485,2.038898864108754,-0.6183775407345422,-2.3676104433747867,false,false
2025-11-15T12:45:04.034668,-2.212003956050239,5.09555802382473,9.221503628661065,-0.14721840620040894,0.2075413018465042,0.033139415085315704,-11.66009726898039,5.802898116325244,-32.087715770731485,1.5285935104399009,-4.399430992389743,-3.924633090631204,true,false
2025-11-15T12:45:04.223002,-2.1005188871475866,5.136813092417736,8.878949350799038,-0.029932374134659767,-0.11407899856567383,-0.008704823441803455,-11.409327815184312,6.296068531207168,-32.457672616585185,1.2440041195621667,-3.272275559597979,-1.7982797963810242,false,false
2025-11-15T12:45:04.223163,-1.949960740856966,5.218158447835455,7.910563084823347,-0.029932374134659767,-0.11407899856567383,-0.008704823441803455,-11.409327815184312,6.296068531207168,-32.457672616585185,1.2985911739143656,0.08731048464923674,-0.12458873182748675,false,false
2025-11-15T12:45:04.223179,-2.000603930380265,5.254643780039554,7.972232626548637,-0.029932374134659767,-0.11407899856567383,-0.008704823441803455,-11.409327815184312,6.296068531207168,-32.457672616585185,1.50520776506003,0.06629931030899883,-0.34922025033259274,false,false
2025-11-15T12:45:04.223198,-2.0737819752227864,5.079965046071413,8.942250155742581,-0.029932374134659767,-0.11407899856567383,-0.008704823441803455,-11.409327815184312,6.296068531207168,-32.457672616585185,1.071768385516771,-3.7230148242991845,-1.8675504590737546,false,false
2025-11-15T12:45:04.223214,-2.239583496308903,4.922635759424867,9.805623960164992,-0.029932374134659767,-0.11407899856567383,-0.008704823441803455,-11.409327815184312,6.296068531207168,-32.457672616585185,1.2081022046864192,-6.665662218811526,-3.7457700869397854,false,false
2025-11-15T12:45:04.223228,-2.2940694113853475,5.003392798459382,9.552963709666237,-0.029932374134659767,-0.11407899856567383,-0.008704823441803455,-11.409327815184312,6.296068531207168,-32.457672616585185,1.6809077167342945,-5.679874006912179,-3.6341329523090167,false,false
2025-11-15T12:45:04.223311,-1.7898066649974833,5.389235070723221,8.384260165608875,-0.029932374134659767,-0.11407899856567383,-0.008704823441803455,-11.409327815184312,6.296068531207168,-32.457672616585185,-0.1482646579624891,-0.5912049333737031,1.0672286663909745,false,false
2025-11-15T12:45:04.223335,-1.0704766963989263,5.897111441382728,7.740686172205683,-0.029932374134659767,-0.11407899856567383,-0.008704823441803455,-11.409327815184312,6.296068531207168,-32.457672616585185,-4.0509966691146415,3.9780474881127574,7.344511801301294,false,false
2025-11-15T12:45:04.223350,-0.8911707031265261,5.815755380038898,9.002947685101866,-0.029932374134659767,-0.11407899856567383,-0.008704823441803455,-11.409327815184312,6.296068531207168,-32.457672616585185,-5.575590697652244,-0.46151338095597794,7.172685616151469,false,false
2025-11-15T12:45:04.312284,-1.3123853617675783,5.059025294008096,10.927100120474517,-0.029932374134659767,-0.11407899856567383,-0.008704823441803455,-11.409327815184312,6.296068531207168,-32.457672616585185,-4.108539960283374,-8.48012741123867,0.9764832320477694,false,false
2025-11-15T12:45:04.312379,-1.9306698050979616,4.370490554184834,11.542815177882522,-0.029932374134659767,-0.11407899856567383,-0.008704823441803455,-11.409327815184312,6.296068531207168,-32.457672616585185,-1.4382171929233145,-12.584986527438708,-5.052797340580867,false,false
2025-11-15T12:45:04.312394,-1.9448966486694337,4.191926242516001,10.359944328290627,-0.029932374134659767,-0.11407899856567383,-0.008704823441803455,-11.409327815184312,6.296068531207168,-32.457672616585185,-0.4565364521908091,-11.293657926057104,-5.135451186274793,false,false
2025-11-15T12:45:04.312414,-1.4830168835044861,4.350600362621526,8.63221692275127,-0.029932374134659767,-0.11407899856567383,-0.008704823441803455,-11.409327815184312,6.296068531207168,-32.457672616585185,-1.6064943774301632,-6.575396668185135,-0.6616066450368123,false,false
2025-11-15T12:45:04.513207,-0.9299432213962555,4.514583409231295,7.526678319926661,0.007177661173045635,-0.09651663154363632,-0.16478078067302704,-11.253712328441395,6.690604863112707,-32.80988809326815,-4.2804381884927,-2.3675175546359846,5.607238682662853,false,false
2025-11-15T12:45:04.513373,-0.49667650962176324,4.6525072159376695,7.542503474233349,0.007177661173045635,-0.09651663154363632,-0.16478078067302704,-11.253712328441395,6.690604863112707,-32.80988809326815,-7.120804257265479,-1.6554179844811792,9.28425731540959,false,false
2025-11-15T12:45:04.513401,-0.4008806968942404,4.61917586634591,8.286508141993384,0.007177661173045635,-0.09651663154363632,-0.16478078067302704,-11.253712328441395,6.690604863112707,-32.80988809326815,-7.90898316576539,-4.186552516358759,9.027453016059582,false,false
2025-11-15T12:45:04.513415,-0.6574694824822307,4.466418482413067,8.867284088849475,0.007177661173045635,-0.09651663154363632,-0.16478078067302704,-11.253712328441395,6.690604863112707,-32.80988809326815,-6.540053145311623,-6.589077177397648,6.037184446064472,false,false
2025-11-15T12:45:04.513435,-1.0998218512836875,4.333509314830191,8.811610355734551,0.007177661173045635,-0.09651663154363632,-0.16478078067302704,-11.253712328441395,6.690604863112707,-32.80988809326815,-3.937950475445425,-7.135558622651789,2.5844129898457453,false,false
2025-11-15T12:45:04.513449,-1.3084357011469097,4.270045692113582,8.280682392299038,0.007177661173045635,-0.09651663154363632,-0.16478078067302704,-11.253712328441395,6.690604863112707,-32.80988809326815,-2.334395089930185,-6.044799077098332,1.3937518248594927,false,false
2025-11-15T12:45:04.513463,-1.2649858111218557,4.318174329592558,7.6826159096657545,0.007177661173045635,-0.09651663154363632,-0.16478078067302704,-11.253712328441395,6.690604863112707,-32.80988809326815,-2.160401486430379,-3.984234252262187,2.3627150553342915,false,false
2025-11-15T12:45:04.513482,-1.0608081576265864,4.490593655503677,7.286374406859244,0.007177661173045635,-0.09651663154363632,-0.16478078067302704,-11.253712328441395,6.690604863112707,-32.80988809326815,-3.263387174087428,-1.6777707013547811,4.788383344186315,false,false
2025-11-15T12:45:04.513497,-0.7185397623498228,4.717680803734504,7.305103220961971,0.007177661173045635,-0.09651663154363632,-0.16478078067302704,-11.253712328441395,6.690604863112707,-32.80988809326815,-5.605094928247394,-0.4686810983826959,8.034965369383997,false,false
2025-11-15T12:45:04.513511,-0.5291602849224699,4.935910399654728,7.704198319923124,0.007177661173045635,-0.09651663154363632,-0.16478078067302704,-11.253712328441395,6.690604863112707,-32.80988809326815,-7.018706280433344,-0.6765118766788376,9.601983428852549,true,false
2025-11-15T12:45:04.702241,-0.6363649487127608,5.02019962464731,8.058681229358534,0.06261363625526428,0.14202606678009033,0.049021899700164795,-11.170469977194035,6.919983909563652,-32.97916047461452,-6.494116904486594,-1.4022366287386845,9.104310006320517,false,false
2025-11-15T12:45:04.702355,-1.2783025562579309,5.360549851233567,7.297338117959907,0.06261363625526428,0.14202606678009033,0.049021899700164795,-11.170469977194035,6.919983909563652,-32.97916047461452,-2.2929174721159225,2.977317468011222,6.212755207882864,false,false
2025-11-15T12:45:04.702367,-1.2980747848657208,5.543885431674523,8.2548525878801,0.06261363625526428,0.14202606678009033,0.049021899700164795,-11.170469977194035,6.919983909563652,-32.97916047461452,-2.8911551408141856,0.5616522774724828,5.855995798452838,false,false
2025-11-15T12:45:04.702377,-0.9155380144669333,5.668753724290631,9.325235513300402,0.06261363625526428,0.14202606678009033,0.049021899700164795,-11.170469977194035,6.919983909563652,-32.97916047461452,-5.533091817018262,-2.0281426892772103,7.685088978346855,false,false
2025-11-15T12:45:04.702393,-0.8190852411068339,5.741656353569876,8.630815102383844,0.06261363625526428,0.14202606678009033,0.049021899700164795,-11.170469977194035,6.919983909563652,-32.97916047461452,-5.810774536889211,0.3105620741556194,9.052542732049503,false,false
2025-11-15T12:45:04.702405,-1.307748437299175,5.9369313967709,7.5131159194933135,0.06261363625526428,0.14202606678009033,0.049021899700164795,-11.170469977194035,6.919983909563652,-32.97916047461452,-2.5518811741730403,4.992800874993911,7.265435509343803,false,false
2025-11-15T12:45:04.702416,-1.8248618246981714,6.088706386709425,7.7325318042748545,0.06261363625526428,0.14202606678009033,0.049021899700164795,-11.170469977194035,6.919983909563652,-32.97916047461452,0.17565469932380395,4.894097263488817,4.333069911958489,false,false
2025-11-15T12:45:04.702431,-1.9853127301667737,5.959409421992408,8.684812674140602,0.06261363625526428,0.14202606678009033,0.049021899700164795,-11.170469977194035,6.919983909563652,-32.97916047461452,0.3457090651026107,1.134119720234871,2.610995478158813,false,false
2025-11-15T12:45:04.793198,-1.9704235345589423,5.902238461530262,8.879198138522938,0.06261363625526428,0.14202606678009033,0.049021899700164795,-10.912626058049174,6.919737184871381,-33.50082868486739,0.1420348780348366,0.28973489329726476,3.0777960328414338,false,false
2025-11-15T12:45:04.793302,-1.8690606132381808,5.997780607718256,9.011385949754633,0.06261363625526428,0.14202606678009033,0.049021899700164795,-10.912626058049174,6.919737184871381,-33.50082868486739,-0.5323466198341755,0.3235588980343991,3.8199367330528844,false,false
2025-11-15T12:45:04.793317,-1.955667424958629,5.817635440120114,10.050461308312375,0.06261363625526428,0.14202606678009033,0.049021899700164795,-10.912626058049174,6.919737184871381,-33.50082868486739,-0.7693396523185303,-3.2592171982697025,2.330216494621638,false,false
2025-11-15T12:45:04.793331,-2.2771364096610163,5.286386203412718,11.233708151257018,0.06261363625526428,0.14202606678009033,0.049021899700164795,-10.912626058049174,6.919737184871381,-33.50082868486739,0.06461027005336994,-8.122451651916936,-1.4040198767218328,false,false
2025-11-15T12:45:04.793350,-2.1896155299647857,4.709993696036193,10.983057860571137,0.06261363625526428,0.14202606678009033,0.049021899700164795,-10.912626058049174,6.919737184871381,-33.50082868486739,0.05426054924298285,-10.111631265212907,-2.7123241978773365,false,false
2025-11-15T12:45:04.992551,-1.9322957010022903,4.594080614955352,9.223734082797165,0.04917461425065994,0.01282816007733345,-0.11133010685443878,-10.702600884586312,6.91203982419105,-33.93316340565759,0.2921093552107248,-6.846710403725339,-0.36544152824808407,false,false
2025-11-15T12:45:04.992644,-1.7614622816916359,4.733831012204849,7.384251208116112,0.04917461425065994,0.01282816007733345,-0.11133010685443878,-10.702600884586312,6.91203982419105,-33.93316340565759,1.0264935710183103,-0.660541122474605,2.184652624650184,false,false
2025-11-15T12:45:04.992658,-1.8019678347049184,4.838103097655159,6.550651357079296,0.04917461425065994,0.01282816007733345,-0.11133010685443878,-10.702600884586312,6.91203982419105,-33.93316340565759,2.1484014307101003,3.1250928465569103,2.6886602411598375,false,false
2025-11-15T12:45:04.992666,-1.7543243046968195,4.901006838668278,6.923782013607397,0.04917461425065994,0.01282816007733345,-0.11133010685443878,-10.702600884586312,6.91203982419105,-33.93316340565759,1.3559084427353643,1.9695061077328049,3.0310124159364307,false,false
2025-11-15T12:45:04.992674,-1.5734735665902004,4.820295165473665,7.7004774325849485,0.04917461425065994,0.01282816007733345,-0.11133010685443878,-10.702600884586312,6.91203982419105,-33.93316340565759,-0.5025037998216018,-1.2778279890883937,3.546541429826391,false,false
2025-11-15T12:45:04.992687,-1.6998977034382277,4.718324100223405,8.178854858565423,0.04917461425065994,0.01282816007733345,-0.11133010685443878,-10.702600884586312,6.91203982419105,-33.93316340565759,-0.12293957088135699,-3.3429588387076308,2.08263146202583,false,false
2025-11-15T12:45:04.992695,-2.0326014443781104,4.6329416807727135,8.275072532737301,0.04917461425065994,0.01282816007733345,-0.11133010685443878,-10.702600884586312,6.91203982419105,-33.93316340565759,1.7683009966597716,-4.080271589626218,-0.36341462953430437,false,false
2025-11-15T12:45:04.992703,-2.2166003428174124,4.486761072091069,8.149402359050535,0.04917461425065994,0.01282816007733345,-0.11133010685443878,-10.702600884586312,6.91203982419105,-33.93316340565759,3.073351566113871,-4.487742499122806,-1.9618947700866443,false,false
2025-11-15T12:45:04.992716,-2.2625380378103785,4.427130211796267,7.983077873250854,0.04917461425065994,0.01282816007733345,-0.11133010685443878,-10.702600884586312,6.91203982419105,-33.93316340565759,3.5918932170463,-4.312117899309058,-2.400019401879433,true,false
2025-11-15T12:45:05.182034,-2.1404419353175426,4.447863335115663,7.687552625666564,0.040775224566459656,0.031612250953912735,0.19914191961288452,-10.45208086025694,6.999631935646785,-34.33153133487763,3.2211990400905535,-3.270494338273547,-0.8223737216769109,false,false
2025-11-15T12:45:05.182191,-1.7790946568334234,4.610174057236787,7.185652342801544,0.040775224566459656,0.031612250953912735,0.19914191961288452,-10.45208086025694,6.999631935646785,-34.33153133487763,1.4426769482279571,-0.6398679338437816,2.390866745864315,false,false
2025-11-15T12:45:05.182207,-1.2801756364744967,4.846264778252182,7.002000136854873,0.040775224566459656,0.031612250953912735,0.19914191961288452,-10.45208086025694,6.999631935646785,-34.33153133487763,-1.7791334260767133,1.3648017889671848,6.825478852746315,false,false
2025-11-15T12:45:05.182221,-1.0435775271377001,4.910770624218254,7.1979111650003125,0.040775224566459656,0.031612250953912735,0.19914191961288452,-10.45208086025694,6.999631935646785,-34.33153133487763,-3.499113868306898,0.9804349590508608,8.608326675248136,false,false
2025-11-15T12:45:05.182249,-1.5417293782691674,5.296563014059201,6.837940167308506,0.040775224566459656,0.031612250953912735,0.19914191961288452,-10.45208086025694,6.999631935646785,-34.33153133487763,-0.2218954809336129,4.43750582879575,6.356849510823523,false,false
2025-11-15T12:45:05.182264,-1.7001771567096569,5.617774419322081,8.081983065069048,0.040775224566459656,0.031612250953912735,0.19914191961288452,-10.45208086025694,6.999631935646785,-34.33153133487763,-0.5283102823051387,1.4798011968489746,5.4909176892847,false,false
2025-11-15T12:45:05.182278,-1.3795006095285345,5.58127137637857,9.471801507204933,0.040775224566459656,0.031612250953912735,0.19914191961288452,-10.45208086025694,6.999631935646785,-34.33153133487763,-3.1765959696488,-2.8145312342061786,6.50112725231287,false,false
2025-11-15T12:45:05.182291,-1.6319242029843295,5.551055772188919,8.550957316026173,0.040775224566459656,0.031612250953912735,0.19914191961288452,-10.45208086025694,6.999631935646785,-34.33153133487763,-1.2341669380511995,-0.33273598023375683,5.466837698794706,false,false
2025-11-15T12:45:05.182312,-1.991436268362282,5.635848215760597,7.535400447182398,0.040775224566459656,0.031612250953912735,0.19914191961288452,-10.45208086025694,6.999631935646785,-34.33153133487763,1.6207611069760706,3.470105252447368,4.010232158887177,false,false
2025-11-15T12:45:05.272910,-2.021341694132923,5.648035134644214,8.062218694355359,-0.09285144507884979,-0.0334448479115963,0.09086613357067108,-10.45208086025694,6.999631935646785,-34.33153133487763,1.2753260241744169,1.6900870168731998,3.6304294089875953,false,false
2025-11-15T12:45:05.272999,-1.7605216566405888,5.466591162369104,9.508280291391547,-0.09285144507884979,-0.0334448479115963,0.09086613357067108,-10.45208086025694,6.999631935646785,-34.33153133487763,-1.2093900250737875,-3.4274376158224946,3.9227026095941113,false,false
2025-11-15T12:45:05.273015,-1.5397825868766604,5.305580041252301,10.299207456029025,-0.09285144507884979,-0.0334448479115963,0.09086613357067108,-10.45208086025694,6.999631935646785,-34.33153133487763,-2.7580119171693145,-6.068294587594185,4.2706150142465304,false,false
2025-11-15T12:45:05.273029,-1.5667012051662355,5.32557291857537,9.533852938372178,-0.09285144507884979,-0.0334448479115963,0.09086613357067108,-10.45208086025694,6.999631935646785,-34.33153133487763,-2.164394826433959,-4.135750598867009,4.643665031627236,false,false
2025-11-15T12:45:05.473509,-1.5553350009481384,5.518919443449062,8.483877362588188,0.0513126403093338,-0.08277218043804169,-0.06307178735733032,-10.206664764499497,7.118455643884859,-34.713975373077886,-1.5920958718226323,-0.27855703145396404,6.567080169888769,false,false
2025-11-15T12:45:05.473668,-1.531406619050119,5.494456040541669,9.163077444721829,0.0513126403093338,-0.08277218043804169,-0.06307178735733032,-10.206664764499497,7.118455643884859,-34.713975373077886,-2.1717230416811475,-2.3751394073550927,6.246330168377142,false,false
2025-11-15T12:45:05.473683,-1.6836498865972032,4.950419539054404,10.834881827677076,0.0513126403093338,-0.08277218043804169,-0.06307178735733032,-10.206664764499497,7.118455643884859,-34.713975373077886,-2.2838466476115205,-8.767810458101838,2.7932637976703063,false,false
2025-11-15T12:45:05.473697,-1.952692801231646,4.363745030681377,11.29421331755558,0.0513126403093338,-0.08277218043804169,-0.06307178735733032,-10.206664764499497,7.118455643884859,-34.713975373077886,-1.1671822366227076,-12.198269518051283,-0.9177847934671775,false,false
2025-11-15T12:45:05.473717,-1.908949044582498,4.1406969114741115,10.136640083155232,0.0513126403093338,-0.08277218043804169,-0.06307178735733032,-10.206664764499497,7.118455643884859,-34.713975373077886,-0.4392214906939724,-11.10387434501294,-0.9693987388275502,false,false
2025-11-15T12:45:05.473731,-1.4201776222572982,4.2032508395413775,8.50052500335435,0.0513126403093338,-0.08277218043804169,-0.06307178735733032,-10.206664764499497,7.118455643884859,-34.713975373077886,-1.8112379990086325,-7.012311147561753,3.3171121267687766,false,false
2025-11-15T12:45:05.473746,-0.8016142763786643,4.365833736573667,7.442886116942067,0.0513126403093338,-0.08277218043804169,-0.06307178735733032,-10.206664764499497,7.118455643884859,-34.713975373077886,-5.0211193092046775,-2.928354260231753,9.357243306266128,false,false
2025-11-15T12:45:05.473765,-0.30210320244695393,4.511133182602629,7.235004068831751,0.0513126403093338,-0.08277218043804169,-0.06307178735733032,-10.206664764499497,7.118455643884859,-34.713975373077886,-8.299343281414767,-1.3791491312196626,14.094915405724478,false,false
2025-11-15T12:45:05.473778,-0.12891799194348677,4.576604599037521,7.437045157661115,0.0513126403093338,-0.08277218043804169,-0.06307178735733032,-10.206664764499497,7.118455643884859,-34.713975373077886,-9.48281880663942,-1.7160184786337176,15.461589436531924,false,false
2025-11-15T12:45:05.662704,-0.3019466399288815,4.464873668689902,7.672063857669668,-0.12431098520755768,-0.04062250629067421,-0.09376774728298187,-10.216581887893543,7.224764534181373,-34.9674304510502,-8.380421228079477,-3.125392251957262,13.63519478603709,false,false
2025-11-15T12:45:05.662918,-0.783575832800897,4.3650400028325,7.929553046998897,-0.12431098520755768,-0.04062250629067421,-0.09376774728298187,-10.216581887893543,7.224764534181373,-34.9674304510502,-5.380995108055165,-4.491513839567318,9.209119142416824,false,false
2025-11-15T12:45:05.662934,-1.2896946370387237,4.286708443646475,8.184818275361021,-0.12431098520755768,-0.04062250629067421,-0.09376774728298187,-10.216581887893543,7.224764534181373,-34.9674304510502,-2.3822849715916528,-5.680501160214291,4.940850184895197,false,false
2025-11-15T12:45:05.662966,-1.5583073347699723,4.341460987570308,8.097096923782805,-0.12431098520755768,-0.04062250629067421,-0.09376774728298187,-10.216581887893543,7.224764534181373,-34.9674304510502,-0.7022664374801195,-5.124208108894194,3.2952688200492446,false,false
2025-11-15T12:45:05.662981,-1.2951060756987374,4.548597954036008,7.906675817466964,-0.12431098520755768,-0.04062250629067421,-0.09376774728298187,-10.216581887893543,7.224764534181373,-34.9674304510502,-2.2477288896170293,-3.4121005119435317,5.988905413844904,false,false
2025-11-15T12:45:05.662994,-0.853933986273708,4.782874416471129,7.576968670833702,-0.12431098520755768,-0.04062250629067421,-0.09376774728298187,-10.216581887893543,7.224764534181373,-34.9674304510502,-4.88464586273182,-1.0616066098469545,10.211266092568579,false,false
2025-11-15T12:45:05.663014,-0.8232782464461039,5.12404075819284,7.027468920225201,-0.12431098520755768,-0.04062250629067421,-0.09376774728298187,-10.216581887893543,7.224764534181373,-34.9674304510502,-4.921104265426106,2.7741519738596523,11.791226433271717,false,false
2025-11-15T12:45:05.663029,-1.2180203488089894,5.528223114997299,6.963586449858694,-0.12431098520755768,-0.04062250629067421,-0.09376774728298187,-10.216581887893543,7.224764534181373,-34.9674304510502,-2.5281028913288486,5.121906952193953,9.925460289030028,false,false
2025-11-15T12:45:05.663042,-1.0181828583587336,5.538290300861076,8.558465778945461,-0.12431098520755768,-0.04062250629067421,-0.09376774728298187,-10.216581887893543,7.224764534181373,-34.9674304510502,-4.624869022190787,-0.41589395258174733,10.180676262339418,true,false
2025-11-15T12:45:05.751788,-1.2945354504043425,5.534649987466671,9.029583841621168,-0.12431098520755768,-0.04062250629067421,-0.09376774728298187,-10.284515624755752,7.486061627345099,-35.17019451342805,-3.3598328077729045,-1.8172445330613236,8.248009307147868,false,false
2025-11-15T12:45:05.751847,-1.8173580429283065,5.563936541203429,8.68548198047245,-0.12431098520755768,-0.04062250629067421,-0.09376774728298187,-10.284515624755752,7.486061627345099,-35.17019451342805,-0.33626665611979334,-0.6796021340245986,5.328437474376244,false,false
2025-11-15T12:45:05.751856,-1.943275703059002,5.531321440996612,8.725494839265766,-0.12431098520755768,-0.04062250629067421,-0.09376774728298187,-10.284515624755752,7.486061627345099,-35.17019451342805,0.3243047975895035,-0.9516162603783229,4.474572787450128,false,false
2025-11-15T12:45:05.751867,-1.846513635449789,5.536549287469131,9.145102728165597,-0.12431098520755768,-0.04062250629067421,-0.09376774728298187,-10.284515624755752,7.486061627345099,-35.17019451342805,-0.5288963799495896,-2.132115311261604,4.860843353499064,false,false
2025-11-15T12:45:05.751876,-1.6665273341204634,5.667478421047798,9.28401910700272,-0.12431098520755768,-0.04062250629067421,-0.09376774728298187,-10.284515624755752,7.486061627345099,-35.17019451342805,-1.6179038590531558,-1.9211067831046442,6.190752579345244,false,false
2025-11-15T12:45:05.802243,-1.4811203794015402,5.933042694486912,8.712200936863177,-0.12431098520755768,-0.04062250629067421,-0.09376774728298187,-10.284515624755752,7.486061627345099,-35.17019451342805,-2.330004855937739,0.9317101404409627,8.261817888201875,false,false
2025-11-15T12:45:05.802289,-1.3309891977078196,6.014977300841478,8.239651589189645,-0.12431098520755768,-0.04062250629067421,-0.09376774728298187,-10.284515624755752,7.486061627345099,-35.17019451342805,-2.8952779264259894,2.8062825047516995,9.641351904721404,false,false
2025-11-15T12:45:05.897730,-1.6785558838728307,5.7430831614528435,8.974863006966649,0.06780599057674408,-0.09376774728298187,-0.011911863461136818,-10.284515624755752,7.486061627345099,-35.17019451342805,-1.3760848853003296,-0.7078175056035505,6.476969139296173,false,false
2025-11-15T12:45:05.897818,-2.0841439554633316,5.007733902503766,10.592120147892505,0.06780599057674408,-0.09376774728298187,-0.011911863461136818,-10.284515624755752,7.486061627345099,-35.17019451342805,-0.24207319517934778,-8.019495640135812,1.3102843105082513,false,false
2025-11-15T12:45:05.897837,-2.2402779256076424,4.306260626102347,10.950300205324426,0.06780599057674408,-0.09376774728298187,-0.011911863461136818,-10.284515624755752,7.486061627345099,-35.17019451342805,0.4510690683436547,-11.855822337487222,-2.049218923027496,false,false
2025-11-15T12:45:05.897852,-2.1690926151857184,4.203779240739772,9.527096265839702,0.06780599057674408,-0.09376774728298187,-0.011911863461136818,-10.284515624755752,7.486061627345099,-35.17019451342805,1.4378190563423185,-9.514096908895397,-1.5296352143338368,false,false
2025-11-15T12:45:06.098268,-2.0288139381699466,4.4659984212579475,7.856570479416433,-0.09407317638397217,0.1029307171702385,0.19944734871387482,-10.353862576098546,7.702599378170024,-35.41865606850611,2.324273170337671,-3.7076206806595984,1.1186871318427052,false,false
2025-11-15T12:45:06.098491,-1.784297635092969,4.649151926311957,7.400270818245204,-0.09407317638397217,0.1029307171702385,0.19944734871387482,-10.353862576098546,7.702599378170024,-35.41865606850611,1.2105842408629925,-1.1845914519186636,3.562386273400989,false,false
2025-11-15T12:45:06.098506,-1.4266456017566895,4.676720681326144,8.096348940616743,-0.09407317638397217,0.1029307171702385,0.19944734871387482,-10.353862576098546,7.702599378170024,-35.41865606850611,-1.653212276169718,-3.311144705872607,5.721312220707517,false,false
2025-11-15T12:45:06.098520,-1.0417377178705323,4.546038420268175,8.6525636609822,-0.09407317638397217,0.1029307171702385,0.19944734871387482,-10.353862576098546,7.702599378170024,-35.41865606850611,-4.2449334280871645,-5.605965123771153,7.605716454068485,false,false
2025-11-15T12:45:06.098540,-0.8893635483998352,4.481594458852349,8.457190796555553,-0.09407317638397217,0.1029307171702385,0.19944734871387482,-10.353862576098546,7.702599378170024,-35.41865606850611,-5.019924667570394,-5.403506086866852,8.659014670058795,false,false
2025-11-15T12:45:06.098554,-0.889148573697522,4.4747962433269315,8.00925507387592,-0.09407317638397217,0.1029307171702385,0.19944734871387482,-10.353862576098546,7.702599378170024,-35.41865606850611,-4.7930968104625356,-4.131074178597412,9.017487828913303,false,false
2025-11-15T12:45:06.098567,-1.0580341719691528,4.419054243871107,7.912106823131808,-0.09407317638397217,0.1029307171702385,0.19944734871387482,-10.353862576098546,7.702599378170024,-35.41865606850611,-3.669591021990997,-4.13915970371249,7.663277066472531,false,false
2025-11-15T12:45:06.098587,-1.312068278745044,4.298461305056281,8.13930574616063,-0.09407317638397217,0.1029307171702385,0.19944734871387482,-10.353862576098546,7.702599378170024,-35.41865606850611,-2.216077585728394,-5.484253850278954,5.249908584497234,false,false
2025-11-15T12:45:06.098600,-1.3948181545512024,4.207058125214909,8.342635947268548,-0.09407317638397217,0.1029307171702385,0.19944734871387482,-10.353862576098546,7.702599378170024,-35.41865606850611,-1.837985848921221,-6.562224937471598,4.211705867197097,false,false
2025-11-15T12:45:06.098614,-1.1777682143338593,4.207717504837679,8.39076177169946,-0.09407317638397217,0.1029307171702385,0.19944734871387482,-10.353862576098546,7.702599378170024,-35.41865606850611,-3.1769662282557523,-6.690901783315468,5.7257484903326485,true,false
2025-11-15T12:45:06.298054,-0.9971594729963974,4.514029307533585,7.836359699021116,-0.04230238497257233,0.10598503798246384,0.042913250625133514,-10.525590175319754,8.13082950253602,-35.36242500739278,-4.036466494511204,-3.3797918431434084,8.532317644170334,false,false
2025-11-15T12:45:06.298206,-1.6321794946463921,5.094902417743843,6.6905640162280875,-0.04230238497257233,0.10598503798246384,0.042913250625133514,-10.525590175319754,8.13082950253602,-35.36242500739278,0.6550624998813444,3.9661724752861858,6.3710638573314355,false,false
2025-11-15T12:45:06.298221,-1.541114983929794,5.153833340448459,8.110887457790557,-0.04230238497257233,0.10598503798246384,0.042913250625133514,-10.525590175319754,8.13082950253602,-35.36242500739278,-1.217740224355019,-0.8905452828389926,6.444615146693181,false,false
2025-11-15T12:45:06.298241,-1.5090423514314497,5.145910953900377,9.711478198499771,-0.04230238497257233,0.10598503798246384,0.042913250625133514,-10.525590175319754,8.13082950253602,-35.36242500739278,-2.510623538743644,-5.405116195869304,5.751344685550862,false,false
2025-11-15T12:45:06.298255,-1.7610022271607322,4.904461967657586,9.539091092810676,-0.04230238497257233,0.10598503798246384,0.042913250625133514,-10.525590175319754,8.13082950253602,-35.36242500739278,-1.0049805089247172,-6.113636550156119,3.6473052537144497,false,false
2025-11-15T12:45:06.298269,-1.8346391541229687,4.8947046338074305,8.993475905292057,-0.04230238497257233,0.10598503798246384,0.042913250625133514,-10.525590175319754,8.13082950253602,-35.36242500739278,-0.17025507243479332,-4.766036221055099,3.4304809766029223,false,false
2025-11-15T12:45:06.298288,-1.5490247419708472,5.033993628549223,9.22166537803055,-0.04230238497257233,0.10598503798246384,0.042913250625133514,-10.525590175319754,8.13082950253602,-35.36242500739278,-1.9414108596215822,-4.693722152283637,5.461918329715743,false,false
2025-11-15T12:45:06.298302,-1.2593580688652148,4.937636090779128,9.516717431752092,-0.04230238497257233,0.10598503798246384,0.042913250625133514,-10.525590175319754,8.13082950253602,-35.36242500739278,-3.629233634343529,-5.901298455773762,6.805528344016196,false,false
2025-11-15T12:45:06.298342,-0.9272863370983179,4.858649588358314,9.094153164728585,-0.04230238497257233,0.10598503798246384,0.042913250625133514,-10.525590175319754,8.13082950253602,-35.36242500739278,-5.189579394452694,-5.209462040911667,9.032531575703857,false,false
2025-11-15T12:45:06.387625,-0.6628456464811352,5.0237428430378,8.196729301861973,-0.04230238497257233,0.10598503798246384,0.042913250625133514,-10.467972178402777,8.630913678322761,-35.43369000591422,-6.384459787715854,-1.8193381819793046,12.531709627128706,false,false
2025-11-15T12:45:06.387709,-0.5677140529654516,5.2235377671152134,7.763570844854937,-0.04230238497257233,0.10598503798246384,0.042913250625133514,-10.467972178402777,8.630913678322761,-35.43369000591422,-6.856691011506967,0.6104140226276442,13.994167696444492,false,false
2025-11-15T12:45:06.387730,-0.7606269506465442,5.128121060223867,8.8836822806428,-0.04230238497257233,0.10598503798246384,0.042913250625133514,-10.467972178402777,8.630913678322761,-35.43369000591422,-6.087740774650088,-3.327539300585009,11.556643025122057,false,false
2025-11-15T12:45:06.387745,-1.0808122946744683,4.629664740011836,10.650617614320424,-0.04230238497257233,0.10598503798246384,0.042913250625133514,-10.467972178402777,8.630913678322761,-35.43369000591422,-5.011621154595516,-9.829438481790937,6.966623656994258,false,false
2025-11-15T12:45:06.588627,-1.5262490905287625,4.197983782016111,11.118332393433406,0.06520981341600418,-0.2562577724456787,-0.3046688139438629,-10.91687785716314,8.98973098080518,-35.22445215731927,-3.010531278710004,-12.638115177011873,2.2858204916475984,false,false
2025-11-15T12:45:06.588798,-1.633513768363136,4.144855280976928,10.055877927673734,0.06520981341600418,-0.2562577724456787,-0.3046688139438629,-10.91687785716314,8.98973098080518,-35.22445215731927,-1.7874357313011782,-10.922713471716616,1.9784078449333151,false,false
2025-11-15T12:45:06.588813,-1.393427113616535,4.349497447541076,8.612985493606764,0.06520981341600418,-0.2562577724456787,-0.3046688139438629,-10.91687785716314,8.98973098080518,-35.22445215731927,-2.1111934050997423,-6.529848773145712,4.860115172390209,false,false
2025-11-15T12:45:06.588834,-1.0604225893438204,4.528688018585601,7.865218342277625,0.06520981341600418,-0.2562577724456787,-0.3046688139438629,-10.91687785716314,8.98973098080518,-35.22445215731927,-3.6643848353709396,-3.390540618834976,8.132738418100132,false,false
2025-11-15T12:45:06.588848,-0.9184467742651872,4.572520526779373,8.164914221035053,0.06520981341600418,-0.2562577724456787,-0.3046688139438629,-10.91687785716314,8.98973098080518,-35.22445215731927,-4.723297365278844,-4.0735783690626945,9.042131726093402,false,false
2025-11-15T12:45:06.588862,-0.9889345144137826,4.487058774894813,8.910275981061961,0.06520981341600418,-0.2562577724456787,-0.3046688139438629,-10.91687785716314,8.98973098080518,-35.22445215731927,-4.667485283326887,-6.594281144646722,7.775905034691505,false,false
2025-11-15T12:45:06.588881,-1.1506988393716557,4.4727428636284365,9.14566876750852,0.06520981341600418,-0.2562577724456787,-0.3046688139438629,-10.91687785716314,8.98973098080518,-35.22445215731927,-3.8800577162799055,-7.262089310853117,6.507063736216693,false,false
2025-11-15T12:45:06.588896,-1.2214115553822391,4.564587746130014,8.797063719539171,0.06520981341600418,-0.2562577724456787,-0.3046688139438629,-10.91687785716314,8.98973098080518,-35.22445215731927,-3.302886885671807,-5.899577029418214,6.536153863546531,false,false
2025-11-15T12:45:06.588910,-0.9618525054914888,4.687080698245061,8.35446590746856,0.06520981341600418,-0.2562577724456787,-0.3046688139438629,-10.91687785716314,8.98973098080518,-35.22445215731927,-4.59489131918261,-4.029704690267408,8.913091499559386,false,false
2025-11-15T12:45:06.588928,-0.5230997501245706,4.752215542909152,8.112827989287258,0.06520981341600418,-0.2562577724456787,-0.3046688139438629,-10.91687785716314,8.98973098080518,-35.22445215731927,-7.144208788588187,-2.9630007249280332,12.366085347096941,true,false
2025-11-15T12:45:06.782528,-0.28129066146570286,4.772220451889757,8.061400757644117,0.08353576064109802,0.02825249545276165,0.0308486707508564,-11.40725240017143,9.164284822791117,-34.925811878443305,-8.608743071825437,-2.6984503055817335,13.343733774298471,false,false
2025-11-15T12:45:06.782692,-0.11761441264131586,4.882721582680108,7.887033157752723,0.08353576064109802,0.02825249545276165,0.0308486707508564,-11.40725240017143,9.164284822791117,-34.925811878443305,-9.602194265215873,-1.5623940385133217,14.952886831150181,false,false
2025-11-15T12:45:06.782707,-0.25830879526127837,5.304672082081021,7.067047443591937,0.08353576064109802,0.02825249545276165,0.0308486707508564,-11.40725240017143,9.164284822791117,-34.925811878443305,-8.65421859961374,3.5693462418337774,15.511714251577658,false,false
2025-11-15T12:45:06.782728,-0.29814749815458785,5.569186846323103,7.569317979913644,0.08353576064109802,0.02825249545276165,0.0308486707508564,-11.40725240017143,9.164284822791117,-34.925811878443305,-8.51142677524306,3.0207712536811115,15.187967745332301,false,false
2025-11-15T12:45:06.782744,-0.20949252251980072,5.480706294331595,8.653454861691442,0.08353576064109802,0.02825249545276165,0.0308486707508564,-11.40725240017143,9.164284822791117,-34.925811878443305,-9.156967187547439,-0.9749879932763292,14.632296699000392,false,false
2025-11-15T12:45:06.782758,-0.9383458286732305,5.319217721598171,8.466908972288593,0.08353576064109802,0.02825249545276165,0.0308486707508564,-11.40725240017143,9.164284822791117,-34.925811878443305,-4.967532398663161,-1.1847845270810708,9.728012291197103,false,false
2025-11-15T12:45:06.782776,-1.5884157016977603,5.248642941304457,8.008431216490976,0.08353576064109802,0.02825249545276165,0.0308486707508564,-11.40725240017143,9.164284822791117,-34.925811878443305,-0.9096254551466476,-0.0828863617937543,5.758721266417254,false,false
2025-11-15T12:45:06.782793,-1.8069700397603181,5.386236915979987,8.312193761474248,0.08353576064109802,0.02825249545276165,0.0308486707508564,-11.40725240017143,9.164284822791117,-34.925811878443305,0.010409393008250944,-0.38038150889651234,4.674611955093425,false,false
2025-11-15T12:45:06.782807,-1.6530367333468035,5.568394069867435,8.899568503204165,0.08353576064109802,0.02825249545276165,0.0308486707508564,-11.40725240017143,9.164284822791117,-34.925811878443305,-1.380239918209325,-1.289395109832931,5.761974626767454,false,false
2025-11-15T12:45:06.871669,-1.4716831544427194,5.734547319510133,8.578898879440217,0.0974329337477684,-0.0792597085237503,-0.12385283410549164,-11.40725240017143,9.164284822791117,-34.925811878443305,-2.2119360683546407,0.43736098470657225,7.346421622632434,false,false
2025-11-15T12:45:06.871705,-1.3358418394817968,5.970166535426453,7.471305356697037,0.0974329337477684,-0.0792597085237503,-0.12385283410549164,-11.40725240017143,9.164284822791117,-34.925811878443305,-2.3770440599744758,5.304327703650095,9.220846578783153,false,false
2025-11-15T12:45:06.871711,-1.2254485810644458,6.192362949872651,7.14482664380262,0.0974329337477684,-0.0792597085237503,-0.12385283410549164,-11.40725240017143,9.164284822791117,-34.925811878443305,-2.9436433121017265,7.591901701055313,10.492546124471119,false,false
2025-11-15T12:45:06.871719,-1.4191055161181603,5.985813938391526,9.02386128561591,0.0974329337477684,-0.0792597085237503,-0.12385283410549164,-11.40725240017143,9.164284822791117,-34.925811878443305,-2.8625146549347438,0.23427589228047907,7.967281425378701,false,false
2025-11-15T12:45:07.073550,-1.9879182508798199,5.179049652224938,11.328484235489839,-0.005803215317428112,0.0334448479115963,0.24999640882015228,-11.814551996431089,9.21392793452684,-34.70939950275464,-1.2611101074824873,-8.754820260418501,1.2730586925862895,false,false
2025-11-15T12:45:07.073711,-2.6049269999668874,4.545358261171063,11.304125159126755,-0.005803215317428112,0.0334448479115963,0.24999640882015228,-11.814551996431089,9.21392793452684,-34.70939950275464,1.739717193188099,-11.41837865911285,-3.4612731897099707,false,false
2025-11-15T12:45:07.073726,-2.5051560086809532,4.586538593323569,9.326839848926781,-0.005803215317428112,0.0334448479115963,0.24999640882015228,-11.814551996431089,9.21392793452684,-34.70939950275464,3.2228653251980237,-7.137330597363469,-2.4352115825588783,false,false
2025-11-15T12:45:07.073747,-2.0532762846749493,4.977418085113933,7.456442080225109,-0.005803215317428112,0.0334448479115963,0.24999640882015228,-11.814551996431089,9.21392793452684,-34.70939950275464,2.571325195550541,0.4010965656556422,1.7350054777803052,false,false
2025-11-15T12:45:07.073763,-1.7367082755467032,5.1417511205751545,6.99681673560816,-0.005803215317428112,0.0334448479115963,0.24999640882015228,-11.814551996431089,9.21392793452684,-34.70939950275464,0.982100209611227,2.9877471635318216,4.309906149048459,false,false
2025-11-15T12:45:07.073777,-1.5488131006906793,5.059411202911479,7.934103539160281,-0.005803215317428112,0.0334448479115963,0.24999640882015228,-11.814551996431089,9.21392793452684,-34.70939950275464,-0.981960064247545,-0.7985028804893233,4.858295557213367,false,false
2025-11-15T12:45:07.073796,-1.3406082372044705,4.917144375564626,8.964162613238589,-0.005803215317428112,0.0334448479115963,0.24999640882015228,-11.814551996431089,9.21392793452684,-34.70939950275464,-2.85856426699313,-4.577057023610038,5.187187317596937,false,false
2025-11-15T12:45:07.073811,-1.286755024402101,4.873528519035364,9.065234077615388,-0.005803215317428112,0.0334448479115963,0.24999640882015228,-11.814551996431089,9.21392793452684,-34.70939950275464,-3.2023595707025247,-5.060542719909449,5.333339570738914,false,false
2025-11-15T12:45:07.073825,-1.2744844848954475,4.816127319515241,8.676985687336746,-0.005803215317428112,0.0334448479115963,0.24999640882015228,-11.814551996431089,9.21392793452684,-34.70939950275464,-3.0104783727079827,-4.291009913283013,5.48826681120012,false,false
2025-11-15T12:45:07.261716,-1.3126164523285526,4.699490556806571,8.448763820688637,-0.005803215317428112,0.0334448479115963,0.24999640882015228,-12.24164174973276,9.53864246206239,-34.29251960220371,-2.596760039498557,-4.23900108471295,4.529091074699025,false,false
2025-11-15T12:45:07.261846,-1.4109446926674196,4.579855923697474,8.360674844762043,-0.005803215317428112,0.0334448479115963,0.24999640882015228,-12.24164174973276,9.53864246206239,-34.29251960220371,-1.9095076290137563,-4.610019107502591,3.6288585494944954,false,false
2025-11-15T12:45:07.261857,-1.332990106133667,4.5098691010699286,7.940957301149942,-0.005803215317428112,0.0334448479115963,0.24999640882015228,-12.24164174973276,9.53864246206239,-34.29251960220371,-2.0240720668385066,-3.729974169175147,4.155665043363797,false,false
2025-11-15T12:45:07.261879,-1.088230041756256,4.606481076490164,7.339573022370626,-0.005803215317428112,0.0334448479115963,0.24999640882015228,-12.24164174973276,9.53864246206239,-34.29251960220371,-3.1706932781304094,-1.2099989854528275,6.446711212097526,false,false
2025-11-15T12:45:07.261889,-0.6814032187531509,4.767249584799647,7.052340327026988,-0.005803215317428112,0.0334448479115963,0.24999640882015228,-12.24164174973276,9.53864246206239,-34.29251960220371,-5.751991307790184,0.7346494863180411,9.959567625691747,false,false
2025-11-15T12:45:07.261900,-0.4803826357161064,4.858700752559125,7.20543399369843,-0.005803215317428112,0.0334448479115963,0.24999640882015228,-12.24164174973276,9.53864246206239,-34.29251960220371,-7.1647292280062285,0.6689015073067353,11.484228500153279,false,false
2025-11-15T12:45:07.261915,-0.649962194027258,4.780896902234763,7.577195480049289,-0.005803215317428112,0.0334448479115963,0.24999640882015228,-12.24164174973276,9.53864246206239,-34.29251960220371,-6.179355265530657,-1.073074789025469,9.757536155125706,false,false
2025-11-15T12:45:07.261925,-1.0404350793668393,4.726441502646312,7.807941593021471,-0.005803215317428112,0.0334448479115963,0.24999640882015228,-12.24164174973276,9.53864246206239,-34.29251960220371,-3.8252898912812174,-2.1352042700001164,6.765852452472231,false,false
2025-11-15T12:45:07.261936,-1.6663795727644743,5.047369539775304,7.091808874055902,-0.005803215317428112,0.0334448479115963,0.24999640882015228,-12.24164174973276,9.53864246206239,-34.29251960220371,0.5087940551904993,2.1168456081565665,3.9460002038100583,true,false
2025-11-15T12:45:07.352571,-1.5755630144553572,5.331362992543902,8.017491618119259,-0.03741546720266342,0.09315688163042068,0.264046311378479,-12.4708135523741,10.09841408409083,-33.83901598693875,-1.035155034115128,0.2992683687292015,4.796123177274055,false,false
2025-11-15T12:45:07.352678,-0.9992472086885169,5.540059700617654,9.066574712257871,-0.03741546720266342,0.09315688163042068,0.264046311378479,-12.4708135523741,10.09841408409083,-33.83901598693875,-4.9560473026336584,-1.8966146386154215,8.014809319157479,false,false
2025-11-15T12:45:07.352689,-0.8743994610775806,5.618087120358876,8.927407095661406,-0.03741546720266342,0.09315688163042068,0.264046311378479,-12.4708135523741,10.09841408409083,-33.83901598693875,-5.589826413713957,-1.1407769215870616,8.98285675477453,false,false
2025-11-15T12:45:07.352711,-0.9435808249945092,5.4034616090380805,8.959817324991349,-0.03741546720266342,0.09315688163042068,0.264046311378479,-12.4708135523741,10.09841408409083,-33.83901598693875,-5.1755121349032835,-2.2300841891384415,8.118883812299899,false,false
2025-11-15T12:45:07.554550,-0.9048913214919293,5.302728967742307,9.20005055016047,-0.22098033130168915,-0.2712239623069763,-0.2280052751302719,-12.99165099448717,10.752481381713583,-33.269963094726776,-5.457896935176548,-3.3649990220601183,7.455535281907899,false,false
2025-11-15T12:45:07.554726,-0.5975105362294775,5.523648896255187,8.810794928400547,-0.22098033130168915,-0.2712239623069763,-0.2280052751302719,-12.99165099448717,10.752481381713583,-33.269963094726776,-7.040137291805312,-1.2389518502913006,9.926830006300278,false,false
2025-11-15T12:45:07.554740,-0.20483698185079602,5.775883753318634,8.205797959729448,-0.22098033130168915,-0.2712239623069763,-0.2280052751302719,-12.99165099448717,10.752481381713583,-33.269963094726776,-9.159220194321847,1.8175808056119465,13.17911039823754,false,false
2025-11-15T12:45:07.554754,-0.4416011062055494,5.776078740367813,8.614266777716287,-0.22098033130168915,-0.2712239623069763,-0.2280052751302719,-12.99165099448717,10.752481381713583,-33.269963094726776,-7.890546280959148,0.5195243529494178,11.425417833314626,false,false
2025-11-15T12:45:07.554776,-0.905746017236991,5.395717402105293,9.86416502032787,-0.22098033130168915,-0.2712239623069763,-0.2280052751302719,-12.99165099448717,10.752481381713583,-33.269963094726776,-5.722962630165821,-4.644560273475285,7.214784966354813,false,false
2025-11-15T12:45:07.554790,-1.2529730967380024,4.767052064242344,11.22700057046667,-0.22098033130168915,-0.2712239623069763,-0.2280052751302719,-12.99165099448717,10.752481381713583,-33.269963094726776,-4.463388528606062,-10.316935584398514,3.184132366850662,false,false
2025-11-15T12:45:07.554804,-1.2016612972665537,4.2445438553404715,11.782197165573912,-0.22098033130168915,-0.2712239623069763,-0.2280052751302719,-12.99165099448717,10.752481381713583,-33.269963094726776,-4.847699965961084,-13.511717744104025,1.7727780218465057,false,false
2025-11-15T12:45:07.554821,-0.8018277479136342,4.130448254421944,10.951021277946868,-0.22098033130168915,-0.2712239623069763,-0.2280052751302719,-12.99165099448717,10.752481381713583,-33.269963094726776,-6.409505934018547,-12.658098372021332,4.0007310739649,false,false
2025-11-15T12:45:07.554834,-0.4089896504667577,4.3336200279372905,9.53313974740239,-0.22098033130168915,-0.2712239623069763,-0.2280052751302719,-12.99165099448717,10.752481381713583,-33.269963094726776,-8.092025383577193,-8.877484083364912,7.90822718240149,false,false
2025-11-15T12:45:07.554848,-0.17428543851212547,4.639493205268083,8.454806825529197,-0.22098033130168915,-0.2712239623069763,-0.2280052751302719,-12.99165099448717,10.752481381713583,-33.269963094726776,-9.293304059495274,-4.567954096429034,11.14314312126325,false,false
2025-11-15T12:45:07.743170,0.1156490013726757,4.703596223453133,8.046946536009838,-0.03955349326133728,0.053145237267017365,-0.28924447298049927,-13.884571024471573,11.403235181664812,-32.417220552075364,-11.039493213176948,-3.016191529263189,12.222719846512533,false,false
2025-11-15T12:45:07.743351,0.2636072419945501,4.419196898271366,8.033843999358679,-0.03955349326133728,0.053145237267017365,-0.28924447298049927,-13.884571024471573,11.403235181664812,-32.417220552075364,-11.975401496705079,-4.509320974644449,12.723968742867626,false,false
2025-11-15T12:45:07.743366,0.10069692732712143,4.1062095436104755,8.268967631088032,-0.03955349326133728,0.053145237267017365,-0.28924447298049927,-13.884571024471573,11.403235181664812,-32.417220552075364,-10.95352100236302,-6.915198483363412,10.65641800165622,false,false
2025-11-15T12:45:07.743381,-0.13868452309657875,3.9990677968983164,8.39310979973591,-0.03955349326133728,0.053145237267017365,-0.28924447298049927,-13.884571024471573,11.403235181664812,-32.417220552075364,-9.474012471495586,-7.846890932954366,8.621452222233572,false,false
2025-11-15T12:45:07.743402,-0.25927255153203876,3.988866812801575,8.39296746319193,-0.03955349326133728,0.053145237267017365,-0.28924447298049927,-13.884571024471573,11.403235181664812,-32.417220552075364,-8.730436351140757,-7.9032939938541205,7.785368834569766,false,false
2025-11-15T12:45:07.743418,-0.29533924460185007,3.9039058719159243,8.33277666601369,-0.03955349326133728,0.053145237267017365,-0.28924447298049927,-13.884571024471573,11.403235181664812,-32.417220552075364,-8.490328362094521,-8.220214960146976,7.382884380636511,false,false
2025-11-15T12:45:07.743431,-0.399813303350272,4.010677816176468,8.07775598780726,-0.03955349326133728,0.053145237267017365,-0.28924447298049927,-13.884571024471573,11.403235181664812,-32.417220552075364,-7.790253704548091,-6.918497148820517,7.2096308801407645,false,false
2025-11-15T12:45:07.743451,-0.584253792464168,4.270444632422951,7.584442883811467,-0.03955349326133728,0.053145237267017365,-0.28924447298049927,-13.884571024471573,11.403235181664812,-32.417220552075364,-6.488442152402893,-3.941480792951303,7.0727673888974465,false,false
2025-11-15T12:45:07.743468,-0.6552377365526711,4.476001143878712,7.266600027721163,-0.03955349326133728,0.053145237267017365,-0.28924447298049927,-13.884571024471573,11.403235181664812,-32.417220552075364,-5.9383546587593,-1.6915189466070402,7.349305859309865,false,false
2025-11-15T12:45:07.833180,-0.7424744974820393,4.664322793695337,6.75503630193126,-0.03955349326133728,0.053145237267017365,-0.28924447298049927,-13.884571024471573,11.403235181664812,-32.417220552075364,-5.16044161328698,1.301602670738255,7.5768679863008686,false,false
2025-11-15T12:45:07.833274,-0.9197918480261453,5.237048119412366,7.828168366114555,-0.03955349326133728,0.053145237267017365,-0.28924447298049927,-13.884571024471573,11.403235181664812,-32.417220552075364,-4.750881176794967,0.4592350380856871,6.901351782970906,false,false
2025-11-15T12:45:07.833288,-0.5795370566658322,5.359801515989752,9.390657173474757,-0.03955349326133728,0.053145237267017365,-0.28924447298049927,-13.884571024471573,11.403235181664812,-32.417220552075364,-7.260598061490697,-3.607355156062841,7.996710301970936,false,false
2025-11-15T12:45:07.833302,-0.9172862881328734,5.155873887267337,9.15794264618562,-0.03955349326133728,0.053145237267017365,-0.28924447298049927,-13.884571024471573,11.403235181664812,-32.417220552075364,-5.34042727525805,-3.9440212676586626,5.904475487331396,false,false